Order ID, Product ID,Product Name, Quantity, Price,Paid amount
15, 6,White Label SUGAR, 1, 550.00, 550.00 
Order ID, Product ID,Product Name, Quantity, Price,Paid amount
16, 6,White Label SUGAR, 1, 550.00, 550.00 
Order ID, Product ID,Product Name, Quantity, Price,Paid amount
17, 6,White Label SUGAR, 1, 550.00, 550.00 
Order ID, Product ID,Product Name, Quantity, Price,Paid amount
19, 5,Fortune oil, 1, 350.00, 350.00 
Order ID, Product ID,Product Name, Quantity, Price,Paid amount
18, 5,Fortune oil, 1, 350.00, 350.00 
Order ID, Product ID,Product Name, Quantity, Price,Paid amount
20, 5,Fortune oil, 1, 350.00, 350.00 
Order ID, Product ID,Product Name, Quantity, Price,Paid amount
21, 4,Basmati Rice, 1, 220.00, 220.00 
Order ID, Product ID,Product Name, Quantity, Price,Paid amount
22, 5,Fortune oil, 1, 350.00, 570.00 
22, 4,Basmati Rice, 1, 220.00, 570.00 
Order ID, Product ID,Product Name, Quantity, Price,Paid amount
32, 6,White Label SUGAR, 1, 550.00, 550.00 
Order ID, Product ID,Product Name, Quantity, Price,Paid amount
33, 5,Fortune oil, 1, 350.00, 350.00 
Order ID, Product ID,Product Name, Quantity, Price,Paid amount
34, 6,White Label SUGAR, 1, 550.00, 550.00 
